nom,adresse,arrondissement,arrondissement2,telephone,prix,cuisine1,cuisine2,cuisine3,cuisine4,cuisine5,cuisine6,cuisine7,doublon?,doublon
Café 5 Juillet,"3864, rue Jean-Talon E",Villeray-Saint-Michel,,(438) 238-8691,1,Café,,,,,,,,
Poutine en Folie,"7075, rue Jarry E.",Anjou-St-Léonard,Montréal-Est,(438) 288-3733,1,Poutine,Sandwichs,Réconfort,Pâtes,Salades,Burgers,,,
Poutine en Folie,"2563, rue Ontario",Le Village/Centre Sud,,(438) 288-3755,1,Poutine,Sandwichs,Réconfort,Pâtes,Salades,Burgers,,,
Poutine en Folie,"1270, rue Jarry E.",Villeray-Saint-Michel,Rosemont-Petite-Patrie,(438) 288-4288,1,Poutine,Sandwichs,Réconfort,Pâtes,Salades,Burgers,,,
NosThés,"1215, rue Ste-Catherine E",Le Village/Centre Sud,,(438) 289-0418,1,Maison de thé,Café,Asiatique,Bistro,,,,,
Le Chien Rose,"234, rue Fleury O.",Ahuntsic-Cartierville,,(438) 289-1793,2,Du Terroir,Marché,Française,Tartare,,,,,
Café Chat L'Heureux,"172, ave. Duluth E.",Le Plateau-Mont-Royal,Avenue Duluth,(438) 333-1505,1,Café,,,,,,,,
Opiano,"1115, rue Sherbrooke O",Centre-ville,,(438) 333-3335,1,Sushi,Coréenne,Sandwichs,,,,,,
L'autarcie,"2440, ave. du Mont-Royal E",Le Plateau-Mont-Royal,,(438) 333-3394,1,Du Terroir,Canadienne,,,,,,,
La Maison des Pâtes Fraîches,"1887, ave. Mont-Royal E",Le Plateau-Mont-Royal,,(438) 333-7999,1,Italienne,Pâtes,,,,,,,
Comme Chez Soi,"277, ave. Laurier O.",Mile-End,Le Plateau-Mont-Royal,(438) 345-7915,1.5,Internationale,Desserts et Sucreries,,,,,,,
Le Comme Chez Soi,"277, ave. Laurier O",Mile-End,Le Plateau-Mont-Royal,(438) 345-7915,1,Française,Bistro,Déjeuner,Burgers,Tartare,,,,
Wok D'Or Express,"1550, boul. de la Côte-Vertu",Ville Saint-Laurent,,(438) 380-1362,1,Thaïlandaise,Vietnamienne,Asiatique,,,,,,
Chez Sophie,"1974, rue Notre-Dame O",Griffintown,Le Sud Ouest,(438) 380-2365,3.5,Contemporaine/Moderne,Méditerranéenne,Française,Italienne,Végétarienne,Végétalienne,Tartare,,
Su Shian Yuang,"420, rue Rachel E",Le Plateau-Mont-Royal,,(438) 380-2829,1.5,Végétarienne,Chinoise,Asiatique,Végétalienne,,,,,
Broue Pub Brouhaha,"10295, ave. Papineau",Ahuntsic-Cartierville,,(438) 380-5563,1,Pub Food,Réconfort,Poutine,Fumoir-Smokehouse,Barbecue-BBQ,,,,
Harbin Dumplings,"4801, boul. St Laurent",Mile-End,Le Plateau-Mont-Royal,(438) 380-5607,1.5,Asiatique,,,,,,,,
Mamie Clafoutis,"3660, rue St-Denis",Le Plateau-Mont-Royal,Rue St-Denis,(438) 380-5624,1,Café,Maison de thé,Pâtisserie,Sandwichs,Salades,,,,
Casa Figueroa,"3217, rue Beaubien E",Rosemont-Petite-Patrie,,(438) 380-6275,2,Mexicaine,Latino Américaine,,,,,,,
Café Carpé Diem,"804, boul. Rosemont",Rosemont-Petite-Patrie,,(438) 380-7804,1,Café,Déjeuner,Sandwichs,Salades,,,,,
M4 Burritos,"1773, rue St-Denis",Quartier Latin,Rue St-Denis,(438) 380-8090,1,Mexicaine,,,,,,,,
Huong Xua,"7061, rue Jarry E",Anjou-St-Léonard,Montréal-Est,(438) 380-8808,1,Vietnamienne,Thaïlandaise,Asiatique,Grillades,Végétarienne,,,,
Kazumi,"6394, rue Sherbrooke E",Hochelaga-Maisonneuve,Montréal-Est,(438) 380-9898,2.5,Japonaise,Sushi,,,,,,,
Chez Tony,"5050, chemin de la Cote des Neiges",Côte-des-Neiges,,(438) 380-9903,1,Créole,Caraïbéenne,,,,,,,
Ma Tante Quiche,"2194, rue Du Centre",Pointe St-Charles,Le Sud Ouest,(438) 381-3838,1,Du Terroir,Desserts et Sucreries,Sandwichs,Déjeuner,Grilled Cheese,Café,Fish & Chips,,
Trip de Bouffe,"277, rue Mont-Royal E",Le Plateau-Mont-Royal,,(438) 381-4388,1,Libanaise,Café,Déjeuner,,,,,,
La Tamalera,"226, ave. Fairmount O",Mile-End,Le Plateau-Mont-Royal,(438) 381-5034,1,Mexicaine,Sandwichs,,,,,,,
Bistro T,"3461, ave. du Parc",Centre-ville,Le Plateau-Mont-Royal,(438) 381-5757,2,Bistro,Déjeuner,Turque,,,,,,
Ô Plaisiers Gourmand,"1490, rue Sherbrooke O",Centre-ville,,(438) 381-6111,1,Desserts et Sucreries,Sandwichs,Salades,,,,,,
Fusion Express,"3974, ave. Pierre-de-Coubertin",Hochelaga-Maisonneuve,,(438) 381-6628,1,Asiatique,Sushi,Vietnamienne,,,,,,
Cornichon,"1291, ave. du Mont-Royal E",Le Plateau-Mont-Royal,,(438) 381-8167,2,Bistro,,,,,,,,
Taverne Saint-Sacrement,"775, ave. du Mont-Royal E",Le Plateau-Mont-Royal,,(438) 381-8582,1.5,Du Terroir,Poutine,Bistro,Pub Food,,,,,
Akemi Sushi,"383, rue de l'Église",Verdun/Lasalle,,(438) 381-8882,1,Sushi,,,,,,,,
Don Taco,"1855, rue Ste-Catherine O.",Centre-ville,,(438) 382-1999,1,Mexicaine,Latino Américaine,,,,,,,
La Cabane Chez Jean,"1, circuit Gilles-Villeneuve",Le Sud Ouest,,(438) 382-3335,3,Cabane à sucre,,,,,,,,
F+F Pizza,"1489, rue Ste-Catherine E",Le Village/Centre Sud,,(438) 382-3688,1,Pizza,Salades,,,,,,,
Tori Tora Sushi,"3033, rue Masson",Vieux-Rosemont,Rosemont-Petite-Patrie,(438) 382-6868,1,Sushi,Japonaise,Asiatique,,,,,,
Copper Branch,"2183, rue Ste-Catherine O.",Centre-ville,,(438) 382-7600,1,Végétalienne,Déjeuner,Sandwichs,Burgers,Santé,,,,
TOV 4 Saisons,"5240, chemin Queen Mary",Côte-des-Neiges,Notre-Dame-de-Grâce (NDG),(438) 383-2233,1,Coréenne,Barbecue-BBQ,,,,,,,
Mange-Moi,"35, ave. du Mont-Royal E",Le Plateau-Mont-Royal,,(438) 383-3355,1.5,Burgers,Poutine,Américaine,Salades,,,,,
Le Nid Poule,"1361, ave. du Mont-Royal E",Le Plateau-Mont-Royal,,(438) 383-4419,1,Déjeuner,Du Terroir,,,,,,,
Pizza Navona,"908, rue Sherbrooke O.",Centre-ville,,(438) 383-4600,1,Pizza,Sandwichs,Réconfort,,,,,,
Pause et Vous,"143, ave. du Mont-Royal E",Le Plateau-Mont-Royal,,(438) 383-4700,1,Café,Déjeuner,Crêperie,Salades,,,,,
Le Warehouse,"1446, rue Crescent",Centre-ville,Rue Crescent,(438) 383-5077,1,Tapas,Pub Food,,,,,,,
Sushi Yakki,"3765, rue Masson E.",Rosemont-Petite-Patrie,,(438) 383-6688,1.5,Sushi,Tartare,Japonaise,Salades,Asiatique,,,,
Fusion d'Afrik,"4354, rue de Verdun",Verdun/Lasalle,,(438) 383-6888,1,Africaine,,,,,,,,
Schlouppe Bistrot Nakamichi,"2159, rue Mackay",Centre-ville,,(438) 383-7650,1,Asiatique,Japonaise,Ramen,,,,,,
Madame - Mme. Lee,"151, rue Ontario E",Quartier Latin,Quartier des Spectacles,(438) 383-7673,1,Tapas,Pub Food,,,,,,,
Thaizone,"405, rue Sherbrooke E",Quartier Latin,Quartier des Spectacles,(438) 383-9683,2,Thaïlandaise,Asiatique,,,,,,,
Le Festin du Capitaine (The Captain's Boil),"998, Boul. Saint-Laurent",Quartier Chinois,Boul. St-Laurent/Main,(438) 384-0818,3,Fruits de mer/Poissons,Américaine,,,,,,,
Brigade Pizzeria Napolitaine,"1428, rue Stanley",Centre-ville,,(438) 384-0948,1,Pizza,,,,,,,,
Barcola Bistro,"5607, ave. du parc",Mile-End,Le Plateau-Mont-Royal,(438) 384-1112,1.5,Italienne,Bistro,Café,,,,,,
La Rouladerie,"1205, ave. Bernar H2V 1V7",Mile-End,Outremont,(438) 384-3377,1,Café,Desserts et Sucreries,Crêperie,Sandwichs,Salades,,,,
Tartine et Chocolat,"4581, rue St-Denis",Le Plateau-Mont-Royal,Rue St-Denis,(438) 384-3800,1,Bistro,Café,Crêperie,Sandwichs,Salades,Belge,Desserts et Sucreries,,
Le Gladstone,"4114, rue Ste-Catherine O.",Westmount,,(438) 384-4114,3,Française,Bistro,Tartare,,,,,,
Pinocchio,"505, rue Gounod",Villeray-Saint-Michel,Parc-Extension,(438) 384-4500,1,Café,Sandwichs,Italienne,Deli,Desserts et Sucreries,,,,
Chez Dallaire,"2035, rue Wellington",Pointe St-Charles,,(438) 384-6656-,1,Pub Food,,,,,,,,
Le BallPark,"6660, rue Clark",Mile-Ex,Petite-Italie,(438) 384-6660,1.5,Café,Réconfort,,,,,,,
Mamie Clafoutis,"4093, rue Molson",Rosemont-Petite-Patrie,,(438) 384-7225,1,Café,Maison de thé,Pâtisserie,Sandwichs,Salades,,,,
Paname,"4976, rue Queen Mary",Côte-des-Neiges,Notre-Dame-de-Grâce (NDG),(438) 384-9200,1,Burgers,Sandwichs,Déjeuner,,,,,,
Zak-Hoss,"4976, chemin Queen Mary",Côte-des-Neiges,Notre-Dame-de-Grâce (NDG),(438) 384-9200,1,Méditerranéenne,Sandwichs,Casse-Croute,Burgers,Poutine,Salades,,,
Saint-Amable Resto Bar,"410, Place Jacques-Cartier",Vieux-Montréal,,(438) 385-1313,1.5,Française,Tartare,,,,,,,
Mamie Clafoutis,"1602, rue Fleury E",Ahuntsic-Cartierville,,(438) 385-1602,1,Café,Maison de thé,Pâtisserie,Sandwichs,Salades,,,,
Pizzeria Caldo,"4091, rue Molson",Rosemont-Petite-Patrie,,(438) 385-3555,1.5,Italienne,Pizza,Pâtes,Salades,Tartare,,,,
Buffalo West Wings,"4084A, rue Saint-Denis",Le Plateau-Mont-Royal,,(438) 385-4688,1,Barbecue-BBQ,Réconfort,Burgers,,,,,,
Cône Gyro Bar,"65, rue Jarry E",Villeray-Saint-Michel,Rosemont-Petite-Patrie,(438) 385-4745,,Grecque,Méditerranéenne,,,,,,,
Copper Branch,"600, boul. de Maisonneuve O",Centre-ville,,(438) 385-6262,1,Végétalienne,Déjeuner,Sandwichs,Burgers,Santé,,,,
Coq De L'Est 2015,"8803, rue Hochelaga",Tétreaultville-Mercier-Est,Montréal-Est,(438) 385-9455,1,Rôtisserie,Barbecue-BBQ,,,,,,,
Sandwicherie St-Henri,"3570A , rue Notre-Dame O",Le Sud Ouest,,(438) 385-9970,1,Sandwichs,,,,,,,,
La Luncheonette,"4271, rue Saint-Jacques O",Saint-Henri,,(438) 386-0565,2,Café,Salades,Desserts et Sucreries,,,,,,
Bombay Mahal Express,"3681, boul. St-Laurent",Le Plateau-Mont-Royal,Mile-End,(438) 386-3331,1.5,Indienne,Végétarienne,,,,,,,
Mademoiselle Bolduc,"851, rue Rachel E.",Le Plateau-Mont-Royal,,(438) 386-3610,2,Poutine,Burgers,Réconfort,,,,,,
Chambre à part,"3619, rue St-Denis",Le Plateau-Mont-Royal,Rue St-Denis,(438) 386-3619,2,Française,Internationale,,,,,,,
Cabane Hot-Dogs,"1743, rue St-Denis",Le Sud Ouest,Quartier des Spectacles,(438) 386-3647,1,Réconfort,,,,,,,,
Pizzeria Orsini,"7600, boul. Viau",Anjou-St-Léonard,,(438) 386-3700,1,Pizza,Italienne,Méditerranéenne,Pâtes,Salades,Poutine,,,
Le Trèfle,"3971, rue Ontario E",Hochelaga-Maisonneuve,,(438) 386-3737,1.5,Pub Food,Sandwichs,Salades,,,,,,
La Maison de Banh Mi,"1263, rue St-Catherine",Le Village/Centre Sud,,(438) 386-3979,1,Vietnamienne,Sandwichs,,,,,,,
Au Vieux Farfadet,"1345, rue Fleury E",Ahuntsic-Cartierville,,(438) 386-4414,1.5,Irlandaise,Pub Food,Fish & Chips,Burgers,Poutine,,,,
La Panthère Verte,"5265, chemin Queen Mary",Côte-des-Neiges,Notre-Dame-de-Grâce (NDG),(438) 386-4449,1,Sandwichs,Bio,Santé,Végétalienne,Végétarienne,Bar à jus et smoothies,,,
Birona Hummus Bar,"5417, boul. St-Laurent",Mile-End,Boul. St-Laurent/Main,(438) 386-6228,2,Méditerranéenne,Santé,Salades,,,,,,
Chez Tousignant,"6956, rue Drolet",Rosemont-Petite-Patrie,,(438) 386-6368,1,Casse-Croute,Burgers,Poutine,Déjeuner,Réconfort,,,,
Nero,"42, rue McGill",Vieux-Montréal,,(438) 386-6376,1.5,Tapas,,,,,,,,
Burrito Revolucion,"3905, rue Ontario E",Hochelaga-Maisonneuve,Montréal-Est,(438) 386-6696,1,Mexicaine,Latino Américaine,,,,,,,
La Dinette Montréal-Est,"7066A, rue Sherbrooke E",Hochelaga-Maisonneuve,Montréal-Est,(438) 386-7066,1,Déjeuner,Crêperie,Café,Grilled Cheese,Marché,,,,
Saint-Houblon,"1567, rue St-Denis",Quartier Latin,Rue St-Denis,(438) 386-7271,1.5,Pub Food,Burgers,Réconfort,Salades,Sandwichs,Déjeuner,,,
Sushi JinJin,"29, rue St-Viateur W.",Mile-End,,(438) 386-7447,2,Sushi,Japonaise,,,,,,,
Sushi Ryo,"4943, boul. Rosemont",Rosemont-Petite-Patrie,,(438) 386-7788,1,Sushi,Japonaise,,,,,,,
Saiko Izakaya,"1065, Côte du Beaver Hall",Centre-ville,Vieux-Montréal,(438) 386-7888,1.5,Japonaise,Asiatique,Sushi,,,,,,
East Pan Asiatique,"1250, boul. Robert-Bourrassa",Centre-ville,,(438) 386-9088,3.5,Chinoise,Japonaise,Thaïlandaise,Coréenne,Asiatique,Déjeuner,,,
O'Rhéma,"6422, boul. Saint-Laurent",Petite-Italie,,(438) 386-9490,2,Caraïbéenne,Créole,Fusion,,,,,,
Étoile Rouge,"6707, boul St-Laurent",Petite-Italie,Rosemont-Petite-Patrie,(438) 386-9788,2,Chinoise,,,,,,,,
Nozy,"3568, rue Notre-Dame O.",Saint-Henri,,(438) 386-9797,1,Japonaise,,,,,,,,
Shaughnessy Café,"1455, rue Lambert-Closse",Westmount,Centre-ville,(438) 386-9890,1,Café,,,,,,,,
LOV,"464, rue McGill",Vieux-Montréal,,(438) 387-1326,2,Végétalienne,Végétarienne,Santé,,,,,,
Copper Branch,"1251, Ave. Mont-Royal E.",Le Plateau-Mont-Royal,,(438) 387-1515,1,Végétalienne,Déjeuner,Sandwichs,Burgers,Santé,,,,
Pocha de Marie,"5349, ave. Gatineau,",Côte-des-Neiges,,(438) 387-1700,2,Coréenne,Fusion,Barbecue-BBQ,,,,,,
La Panthère Verte,3515 ave. Lacombe,Côte-des-Neiges,,(438) 387-1848,1,Sandwichs,Bio,Santé,Végétarienne,Végétalienne,Bar à jus et smoothies,,,
Café Mucho Mucho,"1951, boul. Rosemont",Rosemont-Petite-Patrie,,(438) 387-3855,1,Café,Sandwichs,Salades,,,,,,
Chez Gargantua,"2009, ave. de la Salle",Hochelaga-Maisonneuve,Montréal-Est,(438) 387-3883,1,Grilled Cheese,Sandwichs,Salades,,,,,,
Atwater Cocktail Club,"512, ave. Atwater",Petite-Bourgogne,Le Sud Ouest,(438) 387-4252,2,Tapas,Française,,,,,,,
Foiegwa,"3001, rue Notre-Dame O",Saint-Henri,,(438) 387-4252,2,Française,Réconfort,Burgers,,,,,,
Système D,"417, rue St-Nicolas",Vieux-Montréal,,(438) 387-4447,1,Café,Sandwichs,Salades,,,,,,
L'Asie Resto-Bar,"1777, rue McGill College",Centre-ville,,(438) 387-4518,2,Asiatique,Fusion,Chinoise,Japonaise,Sushi,Fruits de mer/Poissons,Cajun,,
Elda,"5206, boul. St-Laurent",Mile-End,,(438) 387-6050,1.5,Bistro,,,,,,,,
Casa Cactus,"548, route Marie Victorin",Verchères,,(438) 399-7954,1,Mexicaine,,,,,,,,
Okaiyo Sushi,"9006, boul. Maurice-Duplessis",RDP-Pointe-aux-Trembles,Anjou-St-Léonard,(438) 738-1526,1.5,Sushi,,,,,,,,
Jarry Deuxième,"2590, rue Jarry E",Villeray-Saint-Michel,Rosemont-Petite-Patrie,(438) 764-8826,1,Bistro,Café,Bagels,Salades,Sandwichs,,,,
Le Boucan,"1886, rue Notre-Dame O",Petite-Bourgogne,Le Sud Ouest,(438) 793-2081,1.5,Fumoir-Smokehouse,Barbecue-BBQ,Burgers,Américaine,,,,,
Anne,"2525, rue Provost",Lachine,,(438) 793-6412,1,Caraïbéenne,Jamaïcaine,,,,,,,
La Confiserie CandyLabs,"2305, rue Guy",Centre-ville,,(438) 794-8211,1,Desserts et Sucreries,,,,,,,,
Eileen Ocean Wise Seafood Market & Oyster Bar,"6565, ave. Somerled",Notre-Dame-de-Grâce (NDG),,(438) 823-5440,1,Fruits de mer/Poissons,Tartare,Bio,,,,,,
Vegan Stew Bar par Grannysima,"12, rue Maguire",Le Plateau-Mont-Royal,,(438) 832-3366,1,Végétalienne,Pâtes,Bar à jus et smoothies,,,,,,
Di Lusso Traiteur - Caterer,Montreal,Montréal-Est,Montréal-Nord,(438) 875-2920,1.5,Italienne,,,,,,,,
La Brume Dans Mes Lunettes,"378, rue St-Zotique E",Petite-Italie,Rosemont-Petite-Patrie,(438) 880-4979,1,Café,Maison de thé,Bistro,,,,,,
B Montreal,"1207, rue Rachel E",Le Plateau-Mont-Royal,,(438) 881-8217,1,Café,Sandwichs,Marché,Crème glacée,Desserts et Sucreries,Bar à jus et smoothies,Santé,,
No 41,"1068, boul. St Laurent",Quartier Chinois,,(438) 933-5331,1,Vietnamienne,Asiatique,,,,,,,
M.R Azteca,"7349, rue St-Hubert",Villeray-Saint-Michel,,(438) 935-0805,1,Mexicaine,,,,,,,,
Alexandraplatz,"6731, de l'Esplanade",Mile-Ex,Petite-Italie,(438) 935-6731,1,Grillades,,,,,,,,
Falafel Freiha,"3858, boul. Pérron",Chomedey,,(438) 994-4294,1,Libanaise,Moyen Orientale,,,,,,,
Luckys Bar Et Grill,"598, boul. Saint-Jean-Baptiste",Mercier,,(450) 201-0570,1,Grillades,,,,,,,,
El Meson 2 Inc.,"77B, boul. St-Jean-Baptiste",Châteauguay,,(450) 201-1001,1.5,Mexicaine,Latino Américaine,,,,,,,
Woot Smokemeat & Pizza,"3239, Rte. Harwood",Vaudreuil-Dorion,,(450) 202-0709,1.5,Smoked Meat,Pizza,,,,,,,
Avocado Sushi Express,"180, boul. Ste-Anne",Sainte-Anne-des-Plaines,,(450) 205-0777,1,Sushi,,,,,,,,
Lady Kiki,"1001, rue Émile-Bouchard",Vaudreuil-Dorion,,(450) 218-7700,2,Caraïbéenne,Exotique,Trinidad,Jamaïcaine,Fusion,Canadienne,,,
Chez Sylvie B,"5720 335 Rte, Saint-Calixte",St-Calixte,,(450) 222-1422,2,Réconfort,Pizza,,,,,,,
Cabane à Sucre Arthur Raymond,"444, chemin Avila",Saint-Sauveur,,(450) 224-2569,2,Cabane à sucre,,,,,,,,
Le Mezze,"3029, boul. du Curé Labelle",Prévost,,(450) 224-4227,2,Libanaise,Méditerranéenne,Grillades,Moyen Orientale,,,,,
Le Raphaël,"3053, boul. Curé Labelle",Prévost,,(450) 224-4870,2.5,Française,Tartare,,,,,,,
Le Saint-Sau Pub Gourmand,"236, rue Principale",Saint-Sauveur,,(450) 227-0218,2.5,Pub Food,Bistro,Poutine,Fish & Chips,Salades,Burgers,Tartare,,
Casablanca,"179, rue Principale",Saint-Sauveur,,(450) 227-0245,2.5,Marocaine,Française,Italienne,Tartare,,,,,
Déjeuner Obodum,"220A, chemin du Lac-Millette",Saint-Sauveur,,(450) 227-0458,1,Déjeuner,Bistro,,,,,,,
Taverna Rustica,"121, rue Principale RR 6",Saint-Sauveur,,(450) 227-1188,2,Italienne,,,,,,,,
Samourai,"149, rue Principale RR 6",Saint-Sauveur,,(450) 227-1466,2.5,Japonaise,Grillades,,,,,,,
Le Gourmand De Szechuan,"166, rue Principale RR 6",Saint-Sauveur,,(450) 227-1688,1,Chinoise,Szechuannaise,,,,,,,
Le Passé Composé Saint-Sauveur,"90, ave. de la Gare",Saint-Sauveur,,(450) 227-1818,1.5,Bistro,Française,Déjeuner,Marché,,,,,
Le Sauvignon,"140, rue Principale",Saint-Sauveur,,(450) 227-2232,2,Française,Grillades,Tartare,,,,,,
Feliciano,"415, rue Principale",Saint-Sauveur,,(450) 227-2711,3,Méditerranéenne,,,,,,,,
Gusto Café,"695, chemin Avila RR 3",Saint-Sauveur,,(450) 227-2788,1,Café,Bistro,Sandwichs,,,,,,
Maestro,"339, rue Principale",Saint-Sauveur,,(450) 227-2999,2.5,Italienne,Californienne,,,,,,,
Sushi Taxi,"100, ave. de la Gare RR 6",Saint-Sauveur,,(450) 227-3346,2,Sushi,,,,,,,,
Restaurant du Village,"220, rue Principale",Saint-Sauveur,,(450) 227-3444,1,Poutine,Réconfort,,,,,,,
Sushi Shop,"220, chemin du lac millette",Saint-Sauveur,,(450) 227-4242,1,Sushi,Poke Bowl,,,,,,,
Orange & Pamplemousse,"120, rue Principale",Saint-Sauveur,,(450) 227-4330,2,Bistro,Exotique,Déjeuner,Salades,Sandwichs,Pâtes,,,
La Bruyère,"10, ave. Filion",Saint-Sauveur,,(450) 227-4447,1,Fruits de mer/Poissons,Fondue,,,,,,,
Crêperie A La Gourmandise Bretonne,"396, rue Principale",Saint-Sauveur,,(450) 227-5434,1,Crêperie,Déjeuner,,,,,,,
Le Vieux Four,"252, rue Principale",Saint-Sauveur,,(450) 227-6060,2,Italienne,Pizza,,,,,,,
Steak Frites St-Paul,"86B , ave. de la Gare",Saint-Sauveur,,(450) 227-6565,2.5,Française,Steakhouse,Bistro,Tartare,,,,,
Brochetterie le Chalet Grec,"138, rue Principale RR 6",Saint-Sauveur,,(450) 227-6612,1.5,Grecque,Fruits de mer/Poissons,,,,,,,
Aux Folies Glacées,"289, rue Principale",Saint-Sauveur,,(450) 227-7104,1,Crème glacée,Déjeuner,Sandwichs,,,,,,
Carol à Gogo,"16, ave. de la Gare",Saint-Sauveur,,(450) 227-8660,2,Bistro,Pub Food,Grillades,Fruits de mer/Poissons,,,,,
Bâton Rouge,"120, chemin du lac millette",Saint-Sauveur,,(450) 227-8878,2,Américaine,Grillades,Barbecue-BBQ,Salades,,,,,
La Tonkinoise,"310, rue Principale",Saint-Sauveur,,(450) 227-9980,1,Vietnamienne,Thaïlandaise,,,,,,,
Le Feu de Bois,"1126, boul de Sainte-Adèle",Sainte-Adèle,,(450) 229-0200,1,Pizza,,,,,,,,
Spago,"21, rue Morin",Sainte-Adèle,,(450) 229-0229,2.5,Italienne,Pâtes,Pizza,Grillades,Fruits de mer/Poissons,Tartare,,,
L'Entrecôte,"1440, rue Pierre-Péladeau",Sainte-Adèle,,(450) 229-1545,3.5,Steakhouse,Grillades,Fruits de mer/Poissons,Pâtes,,,,,
Chez Milot,"958, rue Valiquette",Sainte-Adèle,,(450) 229-2838,2.5,Française,Fruits de mer/Poissons,Grillades,Pâtes,Tartare,Moules,,,
Juliano,"3275, boul de Sainte-Adèle",Sainte-Adèle,,(450) 229-4320,1.5,Italienne,Pizza,,,,,,,
La Vanoise,"1261,  chemin du Chantecler",Sainte-Adèle,,(450) 229-4396,1,Française,Tartare,,,,,,,
Adèle Bistro,"1241, chemin du Chanteclerc",Sainte-Adèle,,(450) 229-4894,2.5,Canadienne,,,,,,,,
John Le Grec (II) Inc,"980, boul. De Sainte-Adele",Sainte-Adèle,,(450) 229-4991,1,Grecque,Pizza,Déjeuner,,,,,,
Grilladerie Aspria,"430, chemin Pierre-Péladeau",Sainte-Adèle,,(450) 229-6939,2,Grecque,Méditerranéenne,Marché,,,,,,
St-Adèle Sushi,"555, boul. De Sainte-Adele",Sainte-Adèle,,(450) 229-8388,1.5,Sushi,,,,,,,,
Nickels Deli & Bar,"480, boul. Sainte-Adèle",Sainte-Adèle,,(450) 229-9553,2,Américaine,Grillades,Deli,Déjeuner,Smoked Meat,,,,
Enoteca Mozza Pizzeria Moderna,"505, Promenade du Centropolis",Centropolis,Chomedey,(450) 231-0307,2,Italienne,Pizza,,,,,,,
Le Tire-Bouchon,"2930, ave. Pierre-Péladeau",Centropolis,Chomedey,(450) 231-1058,2,Française,Bistro,Tartare,,,,,,
Ottavio,"1459, boul. St-Martin O",Chomedey,Laval-des-Rapides,(450) 231-2784,1.5,Pâtes,Pizza,Salades,Moules,,,,,
Maison du Jazz - Laval (House of Jazz),"1639, boul. de L'Avenir",Chomedey,Laval-des-Rapides,(450) 231-2943,2.5,Bistro,Du Terroir,Contemporaine/Moderne,Gibier Sauvage,Française,Tartare,,,
La Flamberie Delicatessen,"2015, boul des Laurentides",Vimont,Auteuil,(450) 234-0808,1.5,Déjeuner,Deli,Smoked Meat,Grillades,Pizza,Pâtes,Sandwichs,,
Le Rio,"352, rue Principale",Saint-Sauveur,,(450) 240-0864,1.5,Grillades,Steakhouse,,,,,,,
Café Inn,"264, chemin de Knowlton",Brome-Missisquoi,,(450) 243-0069,1,Café,Déjeuner,Sandwichs,,,,,,
Star Café,"109A, chemin Lakeside",Brome-Missisquoi,,(450) 243-5222,1,Café,Déjeuner,Sandwichs,Bistro,,,,,
Mia Pasta,"1434, boul. Casavant E",Saint-Hyacinthe,,(450) 250-2700,1,Pâtes,Pizza,Salades,Asiatique,,,,,
Ben & Florentine,"1340, boul. Casavant E",Saint-Hyacinthe,,(450) 250-6066,1,Déjeuner,Crêperie,Sandwichs,,,,,,
L'Escabèche,"1595, rue Saint-Antoine",Saint-Hyacinthe,,(450) 250-8484,3.5,Tapas,,,,,,,,
La Poule Fumée,"305, boul. Curé-Labelle",Sainte-Thérèse,,(450) 254-0254,1,Portugaise,Grillades,,,,,,,
Cabane à sucre Au Pied de Cochon,"11382, Rang de la Fresnière",Mirabel,,(450) 258-1732,3.5,Cabane à sucre,,,,,,,,
Au Milieu des Champs,"7000, rang Saint-Vincent",Mirabel,,(450) 258-2635,2.5,Cabane à sucre,,,,,,,,
Cabane à Sucre Chez Gagnon,"3525, rang St-Hyacinthe",Mirabel,,(450) 258-3043,2,Cabane à sucre,,,,,,,,
Chalet du Ruisseau,"12570, rang Lafresnière",Mirabel,,(450) 258-3176,1.5,Cabane à sucre,,,,,,,,
Sucrerie à l'Eau d'Érable,"7870, rang St-Vincent",Mirabel,,(450) 258-3633,1.5,Cabane à sucre,,,,,,,,
Cabane à Sucre Famille Éthier,"7940, rang St-Vincent",Mirabel,,(450) 258-3807,2,Cabane à sucre,,,,,,,,
Sucrerie Mont-Bleu,"7792, rang de la Fresnière",Mirabel,,(450) 258-4405,2,Cabane à sucre,,,,,,,,
L'Historique,"3974, rue Saint-Jean-Baptiste",Mirabel,,(450) 258-4559,1,Internationale,,,,,,,,
Nestor Picore Gourmandises,"431, chemin Ozias Leduc",Mont-Saint-Hilaire,Otterburn Park,(450) 281-1977,1,Bistro,Crème glacée,Desserts et Sucreries,,,,,,
Et Caetera,"80, rue St-Mathieu",Beloeil,,(450) 281-2211,2.5,Française,Méditerranéenne,Tartare,Moules,,,,,
Chez César,"3477, montée St-Hubert",Saint-Hubert,Longueuil,(450) 286-1704,1,Péruvienne,Fruits de mer/Poissons,Barbecue-BBQ,Poutine,Grillades,,,,
Fisshu,"400, route 132, local 110",Saint-Constant,Delson,(450) 290-1208,2.5,Japonaise,Sushi,Fusion,Asiatique,Végétarienne,,,,
Érablière Hilltop,"4329, chemin Symington",Bromont,Farnham,(450) 295-2270,2,Cabane à sucre,,,,,,,,
Haut Bois Normand,"426, chemin George Bonnallie",Eastman,,(450) 297-2659,2,Cabane à sucre,,,,,,,,
Le Côte - Cuisine & Bar - Eastman,"4, chemin George Bonnallie",Eastman,,(450) 297-3737,2.5,Steakhouse,Fruits de mer/Poissons,Grillades,Marché,Salades,,,,
Okane Sushi Bar,"8050, boul. Taschereau",Brossard,,(450) 300-0968,2,Japonaise,Sushi,,,,,,,
Kamikaze Comptoir A Sushi,"1058, rue St-Isidore",Saint-Lin-Laurentides,,(450) 302-2220,1,Sushi,,,,,,,,
Les Délices de Rosa GRILL,"6262, rue Principale",St-Calixte,,(450) 303-3000,1.5,Pizza,Pâtes,Grillades,Italienne,Américaine,Barbecue-BBQ,Fruits de mer/Poissons,,
Teckel,"949, boul. Arthur-Sauvé",Laval-Ouest,,(450) 314-3180,1,Réconfort,Burgers,,,,,,,
Le Poutine Bar,"4750, boul. Ste-Rose",Fabreville,Laval-Ouest,(450) 314-4343,1,Poutine,Sandwichs,Burgers,Réconfort,,,,,
Chez NatGio's & Charlie,"654, Chemin Bord de l'Eau",Sainte-Dorothée,Laval-Ouest,(450) 314-5060,2,Italienne,,,,,,,,
Zesto Express,"17, boul. Samson",Sainte-Dorothée,Chomedey,(450) 314-5144,1,Pizza,Sandwichs,Pâtes,Burgers,,,,,
Mimosa,"1178, boul. Ste-Foy",Longueuil,Vieux Longueuil,(450) 321-1404,1,Vietnamienne,,,,,,,,
Grand Tandoori,"3736, boul. Grande Allée",Saint-Hubert,Longueuil,(450) 321-2352,1,Indienne,Halal,,,,,,,
